micro_f1,macro_f1,source,target,model,seed,train_time,lr,weight_decay,num_layers,dropout_ratio,config_id
0.8515517924039838,0.0459912488485327,MAG_CN,MAG_RU,GNN,0,59.12778329849243,0.0001,0.001,2,0.1,0
0.8515517924039838,0.0459912488485327,MAG_CN,MAG_RU,GNN,1,48.3908486366272,0.0001,0.001,2,0.1,0
0.8515517924039838,0.0459912488485327,MAG_CN,MAG_RU,GNN,2,58.01757264137268,0.0001,0.001,2,0.1,0
0.8513081351079707,0.04598414056330613,MAG_CN,MAG_RU,GNN,0,49.34746742248535,0.0001,0.001,2,0.3,1
0.8515213352419821,0.04599036041519304,MAG_CN,MAG_RU,GNN,1,225.11490416526794,0.0001,0.001,2,0.3,1
0.8514604209179789,0.04598934000131605,MAG_CN,MAG_RU,GNN,2,216.15671300888062,0.0001,0.001,2,0.3,1
0.8514908780799805,0.04598947195262379,MAG_CN,MAG_RU,GNN,0,85.8080723285675,0.0001,0.001,2,0.5,2
0.8515517924039838,0.0459912488485327,MAG_CN,MAG_RU,GNN,1,52.71441030502319,0.0001,0.001,2,0.5,2
0.8514604209179789,0.045988583460823504,MAG_CN,MAG_RU,GNN,2,60.33985686302185,0.0001,0.001,2,0.5,2
0.8515517924039838,0.0459912488485327,MAG_CN,MAG_RU,GNN,0,51.91105031967163,0.0001,0.001,3,0.1,3
0.8514299637559772,0.04598769493979075,MAG_CN,MAG_RU,GNN,1,57.722386598587036,0.0001,0.001,3,0.1,3
0.8514908780799805,0.04598947195262379,MAG_CN,MAG_RU,GNN,2,56.045286417007446,0.0001,0.001,3,0.1,3
0.8515517924039838,0.0459912488485327,MAG_CN,MAG_RU,GNN,0,64.56636095046997,0.0001,0.001,3,0.3,4
0.8515517924039838,0.0459912488485327,MAG_CN,MAG_RU,GNN,1,50.710742712020874,0.0001,0.001,3,0.3,4
0.8515213352419821,0.04599036041519304,MAG_CN,MAG_RU,GNN,2,53.690699338912964,0.0001,0.001,3,0.3,4
0.8515517924039838,0.0459912488485327,MAG_CN,MAG_RU,GNN,0,196.04227495193481,0.0001,0.001,3,0.5,5
0.8514299637559772,0.04598769493979075,MAG_CN,MAG_RU,GNN,1,212.3731188774109,0.0001,0.001,3,0.5,5
0.8515517924039838,0.0459912488485327,MAG_CN,MAG_RU,GNN,2,184.74595475196838,0.0001,0.001,3,0.5,5
0.8515517924039838,0.0459912488485327,MAG_CN,MAG_RU,GNN,0,60.861897706985474,0.0001,0.001,4,0.1,6
0.8515517924039838,0.0459912488485327,MAG_CN,MAG_RU,GNN,1,44.153664112091064,0.0001,0.001,4,0.1,6
0.8515517924039838,0.0459912488485327,MAG_CN,MAG_RU,GNN,2,47.55799841880798,0.0001,0.001,4,0.1,6
0.8515517924039838,0.0459912488485327,MAG_CN,MAG_RU,GNN,0,48.30169630050659,0.0001,0.001,4,0.3,7
0.8515517924039838,0.0459912488485327,MAG_CN,MAG_RU,GNN,1,39.80274748802185,0.0001,0.001,4,0.3,7
0.8515517924039838,0.0459912488485327,MAG_CN,MAG_RU,GNN,2,223.94507145881653,0.0001,0.001,4,0.3,7
0.8515517924039838,0.0459912488485327,MAG_CN,MAG_RU,GNN,0,87.81028342247009,0.0001,0.001,4,0.5,8
0.8515517924039838,0.0459912488485327,MAG_CN,MAG_RU,GNN,1,40.206681966781616,0.0001,0.001,4,0.5,8
0.8514604209179789,0.04598934000131605,MAG_CN,MAG_RU,GNN,2,130.43407678604126,0.0001,0.001,4,0.5,8
0.8515517924039838,0.0459912488485327,MAG_CN,MAG_RU,GNN,0,207.70885634422302,0.0001,0.005,2,0.1,9
0.8515517924039838,0.0459912488485327,MAG_CN,MAG_RU,GNN,1,50.142640352249146,0.0001,0.005,2,0.1,9
0.8514604209179789,0.045988583460823504,MAG_CN,MAG_RU,GNN,2,46.09241008758545,0.0001,0.005,2,0.1,9
0.8515517924039838,0.0459912488485327,MAG_CN,MAG_RU,GNN,0,48.877042293548584,0.0001,0.005,2,0.3,10
0.8515517924039838,0.0459912488485327,MAG_CN,MAG_RU,GNN,1,40.612985610961914,0.0001,0.005,2,0.3,10
0.8513995065939756,0.04598680638952408,MAG_CN,MAG_RU,GNN,2,45.77815532684326,0.0001,0.005,2,0.3,10
0.8514299637559772,0.04598769493979075,MAG_CN,MAG_RU,GNN,0,46.16594910621643,0.0001,0.005,2,0.5,11
0.8515517924039838,0.0459912488485327,MAG_CN,MAG_RU,GNN,1,38.75564432144165,0.0001,0.005,2,0.5,11
0.8514908780799805,0.04598947195262379,MAG_CN,MAG_RU,GNN,2,45.55569553375244,0.0001,0.005,2,0.5,11
0.8513690494319739,0.045985917810022044,MAG_CN,MAG_RU,GNN,0,40.3726692199707,0.0001,0.005,3,0.1,12
0.8515517924039838,0.0459912488485327,MAG_CN,MAG_RU,GNN,1,44.981504917144775,0.0001,0.005,3,0.1,12
0.8515517924039838,0.0459912488485327,MAG_CN,MAG_RU,GNN,2,42.927654504776,0.0001,0.005,3,0.1,12
0.8513081351079707,0.04598414056330613,MAG_CN,MAG_RU,GNN,0,43.37601685523987,0.0001,0.005,3,0.3,13
0.8515517924039838,0.0459912488485327,MAG_CN,MAG_RU,GNN,1,41.53736066818237,0.0001,0.005,3,0.3,13
0.8515517924039838,0.0459912488485327,MAG_CN,MAG_RU,GNN,2,39.21329045295715,0.0001,0.005,3,0.3,13
0.8513995065939756,0.04598983268348058,MAG_CN,MAG_RU,GNN,0,39.07139849662781,0.0001,0.005,3,0.5,14
0.8515517924039838,0.0459912488485327,MAG_CN,MAG_RU,GNN,1,43.016666650772095,0.0001,0.005,3,0.5,14
0.8515517924039838,0.0459912488485327,MAG_CN,MAG_RU,GNN,2,31.926703691482544,0.0001,0.005,3,0.5,14
0.8513995065939756,0.04598680638952408,MAG_CN,MAG_RU,GNN,0,33.85171437263489,0.0001,0.005,4,0.1,15
0.8515517924039838,0.0459912488485327,MAG_CN,MAG_RU,GNN,1,44.97044920921326,0.0001,0.005,4,0.1,15
0.8515517924039838,0.0459912488485327,MAG_CN,MAG_RU,GNN,2,43.36625671386719,0.0001,0.005,4,0.1,15
0.8515517924039838,0.0459912488485327,MAG_CN,MAG_RU,GNN,0,48.34171390533447,0.0001,0.005,4,0.3,16
0.8513995065939756,0.04598680638952408,MAG_CN,MAG_RU,GNN,1,48.51150894165039,0.0001,0.005,4,0.3,16
0.8515517924039838,0.0459912488485327,MAG_CN,MAG_RU,GNN,2,47.65688872337341,0.0001,0.005,4,0.3,16
0.8514299637559772,0.04598769493979075,MAG_CN,MAG_RU,GNN,0,47.698994159698486,0.0001,0.005,4,0.5,17
0.8515517924039838,0.0459912488485327,MAG_CN,MAG_RU,GNN,1,50.08632731437683,0.0001,0.005,4,0.5,17
0.8513690494319739,0.04598743090286918,MAG_CN,MAG_RU,GNN,2,36.149972677230835,0.0001,0.005,4,0.5,17
0.8515517924039838,0.0459912488485327,MAG_CN,MAG_RU,GNN,0,49.182066679000854,0.0001,0.01,2,0.1,18
0.8515213352419821,0.04599111696002632,MAG_CN,MAG_RU,GNN,1,46.17934226989746,0.0001,0.01,2,0.1,18
0.8514908780799805,0.04599098506284135,MAG_CN,MAG_RU,GNN,2,48.0862717628479,0.0001,0.01,2,0.1,18
0.8515517924039838,0.0459912488485327,MAG_CN,MAG_RU,GNN,0,46.67096924781799,0.0001,0.01,2,0.3,19
0.8515213352419821,0.04599036041519304,MAG_CN,MAG_RU,GNN,1,38.10899543762207,0.0001,0.01,2,0.3,19
0.8515517924039838,0.0459912488485327,MAG_CN,MAG_RU,GNN,2,47.578086376190186,0.0001,0.01,2,0.3,19
0.8515517924039838,0.0459912488485327,MAG_CN,MAG_RU,GNN,0,50.2439866065979,0.0001,0.01,2,0.5,20
0.8514908780799805,0.04598947195262379,MAG_CN,MAG_RU,GNN,1,45.1548867225647,0.0001,0.01,2,0.5,20
0.8515517924039838,0.0459912488485327,MAG_CN,MAG_RU,GNN,2,56.13147234916687,0.0001,0.01,2,0.5,20
0.8515517924039838,0.0459912488485327,MAG_CN,MAG_RU,GNN,0,41.67902445793152,0.0001,0.01,3,0.1,21
0.8513690494319739,0.045988187486632776,MAG_CN,MAG_RU,GNN,1,38.82561182975769,0.0001,0.01,3,0.1,21
0.8515517924039838,0.0459912488485327,MAG_CN,MAG_RU,GNN,2,51.30063080787659,0.0001,0.01,3,0.1,21
0.8515517924039838,0.0459912488485327,MAG_CN,MAG_RU,GNN,0,46.223814249038696,0.0001,0.01,3,0.3,22
0.8515517924039838,0.0459912488485327,MAG_CN,MAG_RU,GNN,1,50.920815229415894,0.0001,0.01,3,0.3,22
0.8515213352419821,0.04599036041519304,MAG_CN,MAG_RU,GNN,2,41.940327405929565,0.0001,0.01,3,0.3,22
0.8515517924039838,0.0459912488485327,MAG_CN,MAG_RU,GNN,0,50.47075939178467,0.0001,0.01,3,0.5,23
0.8515517924039838,0.0459912488485327,MAG_CN,MAG_RU,GNN,1,46.58414673805237,0.0001,0.01,3,0.5,23
0.8515517924039838,0.0459912488485327,MAG_CN,MAG_RU,GNN,2,53.40850830078125,0.0001,0.01,3,0.5,23
0.8515517924039838,0.0459912488485327,MAG_CN,MAG_RU,GNN,0,57.56651568412781,0.0001,0.01,4,0.1,24
0.8515517924039838,0.0459912488485327,MAG_CN,MAG_RU,GNN,1,51.28585243225098,0.0001,0.01,4,0.1,24
0.8515213352419821,0.04599036041519304,MAG_CN,MAG_RU,GNN,2,50.84662652015686,0.0001,0.01,4,0.1,24
0.8515517924039838,0.0459912488485327,MAG_CN,MAG_RU,GNN,0,51.46800422668457,0.0001,0.01,4,0.3,25
0.8515517924039838,0.0459912488485327,MAG_CN,MAG_RU,GNN,1,49.18600153923035,0.0001,0.01,4,0.3,25
0.8514908780799805,0.04598947195262379,MAG_CN,MAG_RU,GNN,2,57.69530725479126,0.0001,0.01,4,0.3,25
0.8515517924039838,0.0459912488485327,MAG_CN,MAG_RU,GNN,0,51.60411834716797,0.0001,0.01,4,0.5,26
0.8515517924039838,0.0459912488485327,MAG_CN,MAG_RU,GNN,1,53.788755655288696,0.0001,0.01,4,0.5,26
0.8515213352419821,0.04599036041519304,MAG_CN,MAG_RU,GNN,2,42.84681582450867,0.0001,0.01,4,0.5,26
0.8515517924039838,0.0459912488485327,MAG_CN,MAG_RU,GNN,0,42.22513794898987,0.0005,0.001,2,0.1,27
0.8515517924039838,0.0459912488485327,MAG_CN,MAG_RU,GNN,1,39.998788833618164,0.0005,0.001,2,0.1,27
0.8515213352419821,0.04599036041519304,MAG_CN,MAG_RU,GNN,2,45.3360641002655,0.0005,0.001,2,0.1,27
0.8514908780799805,0.04598947195262379,MAG_CN,MAG_RU,GNN,0,55.13924217224121,0.0005,0.001,2,0.3,28
0.8513995065939756,0.04598680638952408,MAG_CN,MAG_RU,GNN,1,49.99270033836365,0.0005,0.001,2,0.3,28
0.8515213352419821,0.04707869817702727,MAG_CN,MAG_RU,GNN,2,51.64763641357422,0.0005,0.001,2,0.3,28
0.8515517924039838,0.04599276196742885,MAG_CN,MAG_RU,GNN,0,54.753655672073364,0.0005,0.001,2,0.5,29
0.8515517924039838,0.0459912488485327,MAG_CN,MAG_RU,GNN,1,50.62932205200195,0.0005,0.001,2,0.5,29
0.8515517924039838,0.0459912488485327,MAG_CN,MAG_RU,GNN,2,47.5415940284729,0.0005,0.001,2,0.5,29
0.8515213352419821,0.04599036041519304,MAG_CN,MAG_RU,GNN,0,45.95400929450989,0.0005,0.001,3,0.1,30
0.8515213352419821,0.04599036041519304,MAG_CN,MAG_RU,GNN,1,54.17289853096008,0.0005,0.001,3,0.1,30
0.8515517924039838,0.0459912488485327,MAG_CN,MAG_RU,GNN,2,40.79765963554382,0.0005,0.001,3,0.1,30
0.8130234824719033,0.06311000892759512,MAG_CN,MAG_RU,GNN,0,53.086814641952515,0.0005,0.001,3,0.3,31
0.8103432522157585,0.0614740800759351,MAG_CN,MAG_RU,GNN,1,56.229668855667114,0.0005,0.001,3,0.3,31
0.8515213352419821,0.04599036041519304,MAG_CN,MAG_RU,GNN,2,55.773990631103516,0.0005,0.001,3,0.3,31
0.8515517924039838,0.0459912488485327,MAG_CN,MAG_RU,GNN,0,56.36462330818176,0.0005,0.001,3,0.5,32
0.8515517924039838,0.0459912488485327,MAG_CN,MAG_RU,GNN,1,55.7912163734436,0.0005,0.001,3,0.5,32
0.8515517924039838,0.0459912488485327,MAG_CN,MAG_RU,GNN,2,54.26193904876709,0.0005,0.001,3,0.5,32
0.8093990801937075,0.060702009375948884,MAG_CN,MAG_RU,GNN,0,52.20048522949219,0.0005,0.001,4,0.1,33
0.8165565132640941,0.06242909953332041,MAG_CN,MAG_RU,GNN,1,51.28520941734314,0.0005,0.001,4,0.1,33
0.8136021685499345,0.06330677521495384,MAG_CN,MAG_RU,GNN,2,49.74105930328369,0.0005,0.001,4,0.1,33
0.8515517924039838,0.0459912488485327,MAG_CN,MAG_RU,GNN,0,45.94016885757446,0.0005,0.001,4,0.3,34
0.8213992020223556,0.06083843839469507,MAG_CN,MAG_RU,GNN,1,48.701069831848145,0.0005,0.001,4,0.3,34
0.8515517924039838,0.0459912488485327,MAG_CN,MAG_RU,GNN,2,50.59643244743347,0.0005,0.001,4,0.3,34
0.8515517924039838,0.0459912488485327,MAG_CN,MAG_RU,GNN,0,50.267316579818726,0.0005,0.001,4,0.5,35
0.8515213352419821,0.04599036041519304,MAG_CN,MAG_RU,GNN,1,51.508535385131836,0.0005,0.001,4,0.5,35
0.8515517924039838,0.0459912488485327,MAG_CN,MAG_RU,GNN,2,46.3691840171814,0.0005,0.001,4,0.5,35
0.8513385922699723,0.04598654228978497,MAG_CN,MAG_RU,GNN,0,58.914172410964966,0.0005,0.005,2,0.1,36
0.8515517924039838,0.0459912488485327,MAG_CN,MAG_RU,GNN,1,43.57097411155701,0.0005,0.005,2,0.1,36
0.8515517924039838,0.0459912488485327,MAG_CN,MAG_RU,GNN,2,42.94560623168945,0.0005,0.005,2,0.1,36
0.8515213352419821,0.04599036041519304,MAG_CN,MAG_RU,GNN,0,53.643938302993774,0.0005,0.005,2,0.3,37
0.8515517924039838,0.0459912488485327,MAG_CN,MAG_RU,GNN,1,42.55816721916199,0.0005,0.005,2,0.3,37
0.8515517924039838,0.0459912488485327,MAG_CN,MAG_RU,GNN,2,54.0912389755249,0.0005,0.005,2,0.3,37
0.8513385922699723,0.046717850467705005,MAG_CN,MAG_RU,GNN,0,48.98287081718445,0.0005,0.005,2,0.5,38
0.8514908780799805,0.04598947195262379,MAG_CN,MAG_RU,GNN,1,43.37493014335632,0.0005,0.005,2,0.5,38
0.8515517924039838,0.04599276196742885,MAG_CN,MAG_RU,GNN,2,49.477766275405884,0.0005,0.005,2,0.5,38
0.8515517924039838,0.0459912488485327,MAG_CN,MAG_RU,GNN,0,42.62417006492615,0.0005,0.005,3,0.1,39
0.8513995065939756,0.04598680638952408,MAG_CN,MAG_RU,GNN,1,38.41449213027954,0.0005,0.005,3,0.1,39
0.8515517924039838,0.0459912488485327,MAG_CN,MAG_RU,GNN,2,42.50008535385132,0.0005,0.005,3,0.1,39
0.8515517924039838,0.0459912488485327,MAG_CN,MAG_RU,GNN,0,42.35036373138428,0.0005,0.005,3,0.3,40
0.8515517924039838,0.0459912488485327,MAG_CN,MAG_RU,GNN,1,45.36739230155945,0.0005,0.005,3,0.3,40
0.8380288124752535,0.05452604589305042,MAG_CN,MAG_RU,GNN,2,45.12793159484863,0.0005,0.005,3,0.3,40
0.8386684128772881,0.04967186382171857,MAG_CN,MAG_RU,GNN,0,46.46472191810608,0.0005,0.005,3,0.5,41
0.8515213352419821,0.04599036041519304,MAG_CN,MAG_RU,GNN,1,39.98349452018738,0.0005,0.005,3,0.5,41
0.8515517924039838,0.0459912488485327,MAG_CN,MAG_RU,GNN,2,47.4919912815094,0.0005,0.005,3,0.5,41
0.8282825206347273,0.04863080613308275,MAG_CN,MAG_RU,GNN,0,46.498939037323,0.0005,0.005,4,0.1,42
0.826424633752627,0.04811705180011182,MAG_CN,MAG_RU,GNN,1,36.70033144950867,0.0005,0.005,4,0.1,42
0.8295921786007979,0.05254436923826892,MAG_CN,MAG_RU,GNN,2,38.90442943572998,0.0005,0.005,4,0.1,42
0.8515517924039838,0.0459912488485327,MAG_CN,MAG_RU,GNN,0,45.78436231613159,0.0005,0.005,4,0.3,43
0.8427801297475102,0.04834844741204075,MAG_CN,MAG_RU,GNN,1,40.23061680793762,0.0005,0.005,4,0.3,43
0.8515517924039838,0.0459912488485327,MAG_CN,MAG_RU,GNN,2,48.120934009552,0.0005,0.005,4,0.3,43
0.8515517924039838,0.0459912488485327,MAG_CN,MAG_RU,GNN,0,45.61284828186035,0.0005,0.005,4,0.5,44
0.8515517924039838,0.0459912488485327,MAG_CN,MAG_RU,GNN,1,34.66806101799011,0.0005,0.005,4,0.5,44
0.8515213352419821,0.04599036041519304,MAG_CN,MAG_RU,GNN,2,45.22378396987915,0.0005,0.005,4,0.5,44
0.8515517924039838,0.0459912488485327,MAG_CN,MAG_RU,GNN,0,50.93185091018677,0.0005,0.01,2,0.1,45
0.8515517924039838,0.045992005395535523,MAG_CN,MAG_RU,GNN,1,42.89085936546326,0.0005,0.01,2,0.1,45
0.8515517924039838,0.0459912488485327,MAG_CN,MAG_RU,GNN,2,36.226296186447144,0.0005,0.01,2,0.1,45
0.8515517924039838,0.0459912488485327,MAG_CN,MAG_RU,GNN,0,38.05671977996826,0.0005,0.01,2,0.3,46
0.8515517924039838,0.0459912488485327,MAG_CN,MAG_RU,GNN,1,43.4488205909729,0.0005,0.01,2,0.3,46
0.8515517924039838,0.0459912488485327,MAG_CN,MAG_RU,GNN,2,39.42684769630432,0.0005,0.01,2,0.3,46
0.8515517924039838,0.0459912488485327,MAG_CN,MAG_RU,GNN,0,34.87884449958801,0.0005,0.01,2,0.5,47
0.8515517924039838,0.0459912488485327,MAG_CN,MAG_RU,GNN,1,38.64732003211975,0.0005,0.01,2,0.5,47
0.8514908780799805,0.04598947195262379,MAG_CN,MAG_RU,GNN,2,49.7401967048645,0.0005,0.01,2,0.5,47
0.8515213352419821,0.04599036041519304,MAG_CN,MAG_RU,GNN,0,35.06575131416321,0.0005,0.01,3,0.1,48
0.8515517924039838,0.0459912488485327,MAG_CN,MAG_RU,GNN,1,38.301209449768066,0.0005,0.01,3,0.1,48
0.8515517924039838,0.0459912488485327,MAG_CN,MAG_RU,GNN,2,42.49956226348877,0.0005,0.01,3,0.1,48
0.8515517924039838,0.0459912488485327,MAG_CN,MAG_RU,GNN,0,40.742003440856934,0.0005,0.01,3,0.3,49
0.8515517924039838,0.0459912488485327,MAG_CN,MAG_RU,GNN,1,44.72743320465088,0.0005,0.01,3,0.3,49
0.8515517924039838,0.0459912488485327,MAG_CN,MAG_RU,GNN,2,42.17015528678894,0.0005,0.01,3,0.3,49
0.8515517924039838,0.0459912488485327,MAG_CN,MAG_RU,GNN,0,49.09994864463806,0.0005,0.01,3,0.5,50
0.8515517924039838,0.0459912488485327,MAG_CN,MAG_RU,GNN,1,49.13293433189392,0.0005,0.01,3,0.5,50
0.8515517924039838,0.0459912488485327,MAG_CN,MAG_RU,GNN,2,44.20225238800049,0.0005,0.01,3,0.5,50
0.8515517924039838,0.0459912488485327,MAG_CN,MAG_RU,GNN,0,47.05352282524109,0.0005,0.01,4,0.1,51
0.8515517924039838,0.0459912488485327,MAG_CN,MAG_RU,GNN,1,42.23855376243591,0.0005,0.01,4,0.1,51
0.8515517924039838,0.0459912488485327,MAG_CN,MAG_RU,GNN,2,71.19170093536377,0.0005,0.01,4,0.1,51
0.8515517924039838,0.0459912488485327,MAG_CN,MAG_RU,GNN,0,76.27826642990112,0.0005,0.01,4,0.3,52
0.8515517924039838,0.0459912488485327,MAG_CN,MAG_RU,GNN,1,53.188122510910034,0.0005,0.01,4,0.3,52
0.8515213352419821,0.04599036041519304,MAG_CN,MAG_RU,GNN,2,42.941211462020874,0.0005,0.01,4,0.3,52
0.8515517924039838,0.0459912488485327,MAG_CN,MAG_RU,GNN,0,43.49007749557495,0.0005,0.01,4,0.5,53
0.8515517924039838,0.0459912488485327,MAG_CN,MAG_RU,GNN,1,45.607677698135376,0.0005,0.01,4,0.5,53
0.8515517924039838,0.0459912488485327,MAG_CN,MAG_RU,GNN,2,49.83387875556946,0.0005,0.01,4,0.5,53
0.8064142783175464,0.07308032807864388,MAG_CN,MAG_RU,GNN,0,41.53276300430298,0.001,0.001,2,0.1,54
0.8088813084396795,0.07113924109585859,MAG_CN,MAG_RU,GNN,1,47.55462837219238,0.001,0.001,2,0.1,54
0.8072975360155941,0.07667860737004069,MAG_CN,MAG_RU,GNN,2,43.11909246444702,0.001,0.001,2,0.1,54
0.8177138854201565,0.06545612817203283,MAG_CN,MAG_RU,GNN,0,47.02167344093323,0.001,0.001,2,0.3,55
0.8245667468705266,0.06206608291645251,MAG_CN,MAG_RU,GNN,1,39.48343253135681,0.001,0.001,2,0.3,55
0.8160387415100661,0.07050564461230566,MAG_CN,MAG_RU,GNN,2,41.88516139984131,0.001,0.001,2,0.3,55
0.8288916638747601,0.057674835704472426,MAG_CN,MAG_RU,GNN,0,73.1708288192749,0.001,0.001,2,0.5,56
0.8301099503548259,0.05867832514259569,MAG_CN,MAG_RU,GNN,1,69.88271474838257,0.001,0.001,2,0.5,56
0.8267901196966466,0.06169524423770889,MAG_CN,MAG_RU,GNN,2,48.84349012374878,0.001,0.001,2,0.5,56
0.8037645052234033,0.07208265335070956,MAG_CN,MAG_RU,GNN,0,43.32756948471069,0.001,0.001,3,0.1,57
0.8044345627874394,0.0701308799961599,MAG_CN,MAG_RU,GNN,1,43.67262625694275,0.001,0.001,3,0.1,57
0.8045868485974477,0.07184492787355079,MAG_CN,MAG_RU,GNN,2,42.96541213989258,0.001,0.001,3,0.1,57
0.8116529101818293,0.06430036403871953,MAG_CN,MAG_RU,GNN,0,31.17518663406372,0.001,0.001,3,0.3,58
0.8081807937136417,0.06261373146879054,MAG_CN,MAG_RU,GNN,1,46.34849977493286,0.001,0.001,3,0.3,58
0.8115919958578259,0.0628718300540821,MAG_CN,MAG_RU,GNN,2,44.67264699935913,0.001,0.001,3,0.3,58
0.8114397100478178,0.06178184608706805,MAG_CN,MAG_RU,GNN,0,46.66019415855408,0.001,0.001,3,0.5,59
0.8136326257119362,0.05894610343473124,MAG_CN,MAG_RU,GNN,1,39.51881670951843,0.001,0.001,3,0.5,59
0.8164651417780892,0.061265837982357796,MAG_CN,MAG_RU,GNN,2,35.01443099975586,0.001,0.001,3,0.5,59
0.8069320500715743,0.06684872971527757,MAG_CN,MAG_RU,GNN,0,42.52362823486328,0.001,0.001,4,0.1,60
0.802759418877349,0.06703468753073041,MAG_CN,MAG_RU,GNN,1,45.405622243881226,0.001,0.001,4,0.1,60
0.8021807327993178,0.06456756439336868,MAG_CN,MAG_RU,GNN,2,35.35048270225525,0.001,0.001,4,0.1,60
0.795815185940974,0.06207330994607456,MAG_CN,MAG_RU,GNN,0,37.03953409194946,0.001,0.001,4,0.3,61
0.8051350775134773,0.06314904934620078,MAG_CN,MAG_RU,GNN,1,44.67446541786194,0.001,0.001,4,0.3,61
0.7988609021411385,0.061728578302656364,MAG_CN,MAG_RU,GNN,2,41.20173978805542,0.001,0.001,4,0.3,61
0.8075107361496056,0.05891848841177999,MAG_CN,MAG_RU,GNN,0,43.56168246269226,0.001,0.001,4,0.5,62
0.8055614777815003,0.06013580289287668,MAG_CN,MAG_RU,GNN,1,48.692001819610596,0.001,0.001,4,0.5,62
0.8067493070995645,0.06083258247194272,MAG_CN,MAG_RU,GNN,2,41.66179823875427,0.001,0.001,4,0.5,62
0.8184753144701976,0.06348051108000405,MAG_CN,MAG_RU,GNN,0,35.53930449485779,0.001,0.005,2,0.1,63
0.8515517924039838,0.0459912488485327,MAG_CN,MAG_RU,GNN,1,43.54571056365967,0.001,0.005,2,0.1,63
0.8515517924039838,0.0459912488485327,MAG_CN,MAG_RU,GNN,2,33.81232810020447,0.001,0.005,2,0.1,63
0.8265160052386319,0.0592384057923234,MAG_CN,MAG_RU,GNN,0,38.48352098464966,0.001,0.005,2,0.3,64
0.8515517924039838,0.0459912488485327,MAG_CN,MAG_RU,GNN,1,37.3055202960968,0.001,0.005,2,0.3,64
0.8515517924039838,0.0459912488485327,MAG_CN,MAG_RU,GNN,2,37.01973557472229,0.001,0.005,2,0.3,64
0.83611001126915,0.05382374030529362,MAG_CN,MAG_RU,GNN,0,41.30065321922302,0.001,0.005,2,0.5,65
0.8334906953370085,0.055799167892026436,MAG_CN,MAG_RU,GNN,1,35.67684459686279,0.001,0.005,2,0.5,65
0.8316632656169098,0.05512925129833792,MAG_CN,MAG_RU,GNN,2,22.479941368103027,0.001,0.005,2,0.5,65
0.8178357140681631,0.061466800794936285,MAG_CN,MAG_RU,GNN,0,32.15399217605591,0.001,0.005,3,0.1,66
0.8183534858221911,0.062269726401219395,MAG_CN,MAG_RU,GNN,1,35.04270696640015,0.001,0.005,3,0.1,66
0.8229220601224377,0.05898239089423844,MAG_CN,MAG_RU,GNN,2,33.20146822929382,0.001,0.005,3,0.1,66
0.8210337160783359,0.05994101788819319,MAG_CN,MAG_RU,GNN,0,35.98128342628479,0.001,0.005,3,0.3,67
0.8231048030944477,0.058051045340195596,MAG_CN,MAG_RU,GNN,1,30.98877763748169,0.001,0.005,3,0.3,67
0.8214905735083605,0.05847618712485527,MAG_CN,MAG_RU,GNN,2,41.25377941131592,0.001,0.005,3,0.3,67
0.8258764048365973,0.05521540973087865,MAG_CN,MAG_RU,GNN,0,40.13883662223816,0.001,0.005,3,0.5,68
0.8242621752505102,0.054135857258987286,MAG_CN,MAG_RU,GNN,1,45.491886377334595,0.001,0.005,3,0.5,68
0.8256936618645875,0.05618474402178399,MAG_CN,MAG_RU,GNN,2,37.59072709083557,0.001,0.005,3,0.5,68
0.8145463405719855,0.06031754093113657,MAG_CN,MAG_RU,GNN,0,57.61490535736084,0.001,0.005,4,0.1,69
0.8238966893064904,0.05804077184741156,MAG_CN,MAG_RU,GNN,1,33.70402765274048,0.001,0.005,4,0.1,69
0.8148204550300003,0.061303473831880374,MAG_CN,MAG_RU,GNN,2,41.88961458206177,0.001,0.005,4,0.1,69
0.8190844577102305,0.06128053908673682,MAG_CN,MAG_RU,GNN,0,62.32839488983154,0.001,0.005,4,0.3,70
0.8194194864922486,0.058426907134047,MAG_CN,MAG_RU,GNN,1,39.131157875061035,0.001,0.005,4,0.3,70
0.8207900587823227,0.05917850647804246,MAG_CN,MAG_RU,GNN,2,43.361891746520996,0.001,0.005,4,0.3,70
0.8474096183717601,0.048217675280880105,MAG_CN,MAG_RU,GNN,0,42.76552605628967,0.001,0.005,4,0.5,71
0.8379069838272469,0.04968585011366091,MAG_CN,MAG_RU,GNN,1,45.57810020446777,0.001,0.005,4,0.5,71
0.8461913318916944,0.048179923123587015,MAG_CN,MAG_RU,GNN,2,45.36944818496704,0.001,0.005,4,0.5,71
0.8515517924039838,0.0459912488485327,MAG_CN,MAG_RU,GNN,0,45.324318408966064,0.001,0.01,2,0.1,72
0.8515517924039838,0.0459912488485327,MAG_CN,MAG_RU,GNN,1,52.870421409606934,0.001,0.01,2,0.1,72
0.8515517924039838,0.0459912488485327,MAG_CN,MAG_RU,GNN,2,48.77490949630737,0.001,0.01,2,0.1,72
0.8515213352419821,0.04599036041519304,MAG_CN,MAG_RU,GNN,0,38.12717819213867,0.001,0.01,2,0.3,73
0.8515517924039838,0.0459912488485327,MAG_CN,MAG_RU,GNN,1,45.38284635543823,0.001,0.01,2,0.3,73
0.8515517924039838,0.0459912488485327,MAG_CN,MAG_RU,GNN,2,44.43062782287598,0.001,0.01,2,0.3,73
0.8404349282733835,0.05107819217744971,MAG_CN,MAG_RU,GNN,0,40.486462116241455,0.001,0.01,2,0.5,74
0.837480583559224,0.05195293942943775,MAG_CN,MAG_RU,GNN,1,44.89102602005005,0.001,0.01,2,0.5,74
0.8425669296134987,0.04806512045946164,MAG_CN,MAG_RU,GNN,2,39.167457818984985,0.001,0.01,2,0.5,74
0.8316632656169098,0.05588471146266388,MAG_CN,MAG_RU,GNN,0,41.94214344024658,0.001,0.01,3,0.1,75
0.8303231504888374,0.053264730591475254,MAG_CN,MAG_RU,GNN,1,44.180418729782104,0.001,0.01,3,0.1,75
0.8288002923887552,0.05840309696406568,MAG_CN,MAG_RU,GNN,2,47.3821702003479,0.001,0.01,3,0.1,75
0.8352572107331039,0.05170941660325401,MAG_CN,MAG_RU,GNN,0,43.21149134635925,0.001,0.01,3,0.3,76
0.8492370480918588,0.05003784537584934,MAG_CN,MAG_RU,GNN,1,48.761293172836304,0.001,0.01,3,0.3,76
0.8361709255931532,0.05154346279964066,MAG_CN,MAG_RU,GNN,2,49.123915672302246,0.001,0.01,3,0.3,76
0.8515213352419821,0.04599036041519304,MAG_CN,MAG_RU,GNN,0,45.0610716342926,0.001,0.01,3,0.5,77
0.8430237870435233,0.047766540329437536,MAG_CN,MAG_RU,GNN,1,43.67377829551697,0.001,0.01,3,0.5,77
0.8378460695032437,0.048704006343172596,MAG_CN,MAG_RU,GNN,2,42.515684843063354,0.001,0.01,3,0.5,77
0.8468004751317272,0.05124015541119681,MAG_CN,MAG_RU,GNN,0,47.088945150375366,0.001,0.01,4,0.1,78
0.8412572716474279,0.05163798703965131,MAG_CN,MAG_RU,GNN,1,51.11570072174072,0.001,0.01,4,0.1,78
0.8348003533030792,0.0529518199719244,MAG_CN,MAG_RU,GNN,2,43.894078969955444,0.001,0.01,4,0.1,78
0.8408308713794048,0.048184772980474036,MAG_CN,MAG_RU,GNN,0,50.36109232902527,0.001,0.01,4,0.3,79
0.8419273292114641,0.0484030141269215,MAG_CN,MAG_RU,GNN,1,47.28055930137634,0.001,0.01,4,0.3,79
0.8393689276033259,0.04956391635390424,MAG_CN,MAG_RU,GNN,2,51.69877743721008,0.001,0.01,4,0.3,79
0.8515517924039838,0.0459912488485327,MAG_CN,MAG_RU,GNN,0,50.07688236236572,0.001,0.01,4,0.5,80
0.8515517924039838,0.0459912488485327,MAG_CN,MAG_RU,GNN,1,43.102160930633545,0.001,0.01,4,0.5,80
0.8515517924039838,0.0459912488485327,MAG_CN,MAG_RU,GNN,2,32.94127678871155,0.001,0.01,4,0.5,80
0.8095513660037158,0.0841226590723744,MAG_CN,MAG_RU,GNN,0,33.30048847198486,0.005,0.001,2,0.1,81
0.8086985654676697,0.08147037889222378,MAG_CN,MAG_RU,GNN,1,38.48256230354309,0.005,0.001,2,0.1,81
0.8119574818018457,0.08416899445694703,MAG_CN,MAG_RU,GNN,2,42.43053913116455,0.005,0.001,2,0.1,81
0.8149118265160052,0.08029533616113256,MAG_CN,MAG_RU,GNN,0,37.26743125915527,0.005,0.001,2,0.3,82
0.8159778271860628,0.07347140054848049,MAG_CN,MAG_RU,GNN,1,41.24880361557007,0.005,0.001,2,0.3,82
0.8139676544939543,0.07914536715455782,MAG_CN,MAG_RU,GNN,2,49.95518612861633,0.005,0.001,2,0.3,82
0.8161605701580726,0.07084203177853093,MAG_CN,MAG_RU,GNN,0,49.31205892562866,0.005,0.001,2,0.5,83
0.8178661712301648,0.07466505973094717,MAG_CN,MAG_RU,GNN,1,72.2525486946106,0.005,0.001,2,0.5,83
0.8221910882343983,0.0651005064678275,MAG_CN,MAG_RU,GNN,2,46.22059345245361,0.005,0.001,2,0.5,83
0.8039472481954132,0.0820313002492109,MAG_CN,MAG_RU,GNN,0,38.136608839035034,0.005,0.001,3,0.1,84
0.8044345627874394,0.08309375604907446,MAG_CN,MAG_RU,GNN,1,44.254056215286255,0.005,0.001,3,0.1,84
0.8076021076356105,0.08104892588638316,MAG_CN,MAG_RU,GNN,2,46.20557117462158,0.005,0.001,3,0.1,84
0.8061097066975299,0.07985602156540031,MAG_CN,MAG_RU,GNN,0,47.31588101387024,0.005,0.001,3,0.3,85
0.8007187890232388,0.0771074052099707,MAG_CN,MAG_RU,GNN,1,45.19966435432434,0.005,0.001,3,0.3,85
0.8087594797916731,0.07866715337523797,MAG_CN,MAG_RU,GNN,2,39.156753063201904,0.005,0.001,3,0.3,85
0.8091554228976944,0.06758162191157371,MAG_CN,MAG_RU,GNN,0,40.86685252189636,0.005,0.001,3,0.5,86
0.8188408004142174,0.06381312743858035,MAG_CN,MAG_RU,GNN,1,45.98808193206787,0.005,0.001,3,0.5,86
0.8182316571741846,0.06160592707684524,MAG_CN,MAG_RU,GNN,2,41.59168076515198,0.005,0.001,3,0.5,86
0.8036122194133951,0.07798452767961309,MAG_CN,MAG_RU,GNN,0,45.9306435585022,0.005,0.001,4,0.1,87
0.8009929034812536,0.07650444049963459,MAG_CN,MAG_RU,GNN,1,44.358686685562134,0.005,0.001,4,0.1,87
0.804556391435446,0.07632023306154859,MAG_CN,MAG_RU,GNN,2,51.84807562828064,0.005,0.001,4,0.1,87
0.8001096457832059,0.07684668107185458,MAG_CN,MAG_RU,GNN,0,74.89662671089172,0.005,0.001,4,0.3,88
0.8039777053574148,0.07800388661845399,MAG_CN,MAG_RU,GNN,1,52.487003326416016,0.005,0.001,4,0.3,88
0.8095513660037158,0.07647782225763529,MAG_CN,MAG_RU,GNN,2,40.43007683753967,0.005,0.001,4,0.3,88
0.818871257576219,0.057903680490948704,MAG_CN,MAG_RU,GNN,0,47.794689655303955,0.005,0.001,4,0.5,89
0.8271556056406664,0.05740333361576855,MAG_CN,MAG_RU,GNN,1,47.964261531829834,0.005,0.001,4,0.5,89
0.81759205677215,0.05955241287229882,MAG_CN,MAG_RU,GNN,2,49.06590938568115,0.005,0.001,4,0.5,89
0.8189017147382207,0.06695624208599102,MAG_CN,MAG_RU,GNN,0,48.710100412368774,0.005,0.005,2,0.1,90
0.8232570889044559,0.06362768667918146,MAG_CN,MAG_RU,GNN,1,50.7314772605896,0.005,0.005,2,0.1,90
0.8239576036304938,0.06555603996159305,MAG_CN,MAG_RU,GNN,2,47.49634909629822,0.005,0.005,2,0.1,90
0.8251758901105595,0.0617541655366611,MAG_CN,MAG_RU,GNN,0,45.87545466423035,0.005,0.005,2,0.3,91
0.8249931471385497,0.06289796050946168,MAG_CN,MAG_RU,GNN,1,41.806257486343384,0.005,0.005,2,0.3,91
0.8237748606584838,0.06395991147484695,MAG_CN,MAG_RU,GNN,2,66.31973624229431,0.005,0.005,2,0.3,91
0.8288307495507569,0.06013644680641554,MAG_CN,MAG_RU,GNN,0,78.20417881011963,0.005,0.005,2,0.5,92
0.8302926933268358,0.060164320232019376,MAG_CN,MAG_RU,GNN,1,61.055615186691284,0.005,0.005,2,0.5,92
0.8296530929248013,0.061494854292699616,MAG_CN,MAG_RU,GNN,2,43.06712865829468,0.005,0.005,2,0.5,92
0.8220997167483934,0.062413119958086086,MAG_CN,MAG_RU,GNN,0,51.690885066986084,0.005,0.005,3,0.1,93
0.8265769195626351,0.06240916511459541,MAG_CN,MAG_RU,GNN,1,47.33208751678467,0.005,0.005,3,0.1,93
0.8242317180885085,0.06008805576977712,MAG_CN,MAG_RU,GNN,2,49.88679623603821,0.005,0.005,3,0.1,93
0.8238966893064904,0.06058437213395693,MAG_CN,MAG_RU,GNN,0,50.589256286621094,0.005,0.005,3,0.3,94
0.8237748606584838,0.06195814884929224,MAG_CN,MAG_RU,GNN,1,47.144842863082886,0.005,0.005,3,0.3,94
0.8225870313404197,0.05802709211561672,MAG_CN,MAG_RU,GNN,2,49.14818215370178,0.005,0.005,3,0.3,94
0.830962750890872,0.05815704513811687,MAG_CN,MAG_RU,GNN,0,49.638410568237305,0.005,0.005,3,0.5,95
0.8263028051046204,0.05771107660310302,MAG_CN,MAG_RU,GNN,1,49.88811016082764,0.005,0.005,3,0.5,95
0.8281606919867207,0.05687144196600358,MAG_CN,MAG_RU,GNN,2,49.10234189033508,0.005,0.005,3,0.5,95
0.8221606310723967,0.0616971939056568,MAG_CN,MAG_RU,GNN,0,46.58536505699158,0.005,0.005,4,0.1,96
0.8172874851521336,0.064520454977805,MAG_CN,MAG_RU,GNN,1,47.238357067108154,0.005,0.005,4,0.1,96
0.8201200012182864,0.05938897961963392,MAG_CN,MAG_RU,GNN,2,56.14155077934265,0.005,0.005,4,0.1,96
0.8237444034964821,0.0581035056158213,MAG_CN,MAG_RU,GNN,0,46.996570110321045,0.005,0.005,4,0.3,97
0.8265769195626351,0.05805683896088794,MAG_CN,MAG_RU,GNN,1,48.915822982788086,0.005,0.005,4,0.3,97
0.8255109188925775,0.05739913134329081,MAG_CN,MAG_RU,GNN,2,49.178471326828,0.005,0.005,4,0.3,97
0.8321505802089362,0.054419360539027475,MAG_CN,MAG_RU,GNN,0,47.372037172317505,0.005,0.005,4,0.5,98
0.8322114945329394,0.05640373087696119,MAG_CN,MAG_RU,GNN,1,40.56424045562744,0.005,0.005,4,0.5,98
0.8308104650808638,0.05623053736758436,MAG_CN,MAG_RU,GNN,2,46.4103786945343,0.005,0.005,4,0.5,98
0.8316632656169098,0.05944541191918891,MAG_CN,MAG_RU,GNN,0,46.031776666641235,0.005,0.01,2,0.1,99
0.8325160661529558,0.05940957530717737,MAG_CN,MAG_RU,GNN,1,43.833208084106445,0.005,0.01,2,0.1,99
0.8329424664209789,0.059565412549302824,MAG_CN,MAG_RU,GNN,2,43.585569858551025,0.005,0.01,2,0.1,99
0.8344348673590595,0.05709289730341692,MAG_CN,MAG_RU,GNN,0,44.54773950576782,0.005,0.01,2,0.3,100
0.8350440105990924,0.056484692027307784,MAG_CN,MAG_RU,GNN,1,47.78454351425171,0.005,0.01,2,0.3,100
0.8343434958730546,0.05782950790943973,MAG_CN,MAG_RU,GNN,2,48.758928298950195,0.005,0.01,2,0.3,100
0.8366582401851795,0.05496568368559207,MAG_CN,MAG_RU,GNN,0,55.80973267555237,0.005,0.01,2,0.5,101
0.8359577254591417,0.05476486838532615,MAG_CN,MAG_RU,GNN,1,88.65344595909119,0.005,0.01,2,0.5,101
0.8373282977492157,0.054232382951031666,MAG_CN,MAG_RU,GNN,2,107.0573582649231,0.005,0.01,2,0.5,101
0.8340084670910365,0.05877139110562764,MAG_CN,MAG_RU,GNN,0,109.34773111343384,0.005,0.01,3,0.1,102
0.834983096275089,0.057967993859573665,MAG_CN,MAG_RU,GNN,1,101.91273832321167,0.005,0.01,3,0.1,102
0.8347394389790759,0.05775227193605557,MAG_CN,MAG_RU,GNN,2,53.17946791648865,0.005,0.01,3,0.1,102
0.8348003533030792,0.054030207712011204,MAG_CN,MAG_RU,GNN,0,38.15117359161377,0.005,0.01,3,0.3,103
0.8337648097950233,0.056627110019290494,MAG_CN,MAG_RU,GNN,1,53.17387557029724,0.005,0.01,3,0.3,103
0.8342825815490512,0.05367038612054623,MAG_CN,MAG_RU,GNN,2,45.91476583480835,0.005,0.01,3,0.3,103
0.8376633265312338,0.0533500838993191,MAG_CN,MAG_RU,GNN,0,43.2248957157135,0.005,0.01,3,0.5,104
0.8387902415252947,0.05318728880381497,MAG_CN,MAG_RU,GNN,1,52.21566319465637,0.005,0.01,3,0.5,104
0.8399171565193555,0.053963038195599666,MAG_CN,MAG_RU,GNN,2,49.459630727767944,0.005,0.01,3,0.5,104
0.8287089209027503,0.055054272464934786,MAG_CN,MAG_RU,GNN,0,52.068893909454346,0.005,0.01,4,0.1,105
0.8274906344226844,0.056073996200507105,MAG_CN,MAG_RU,GNN,1,53.15112376213074,0.005,0.01,4,0.1,105
0.8283738921207322,0.05542287045524743,MAG_CN,MAG_RU,GNN,2,49.565245628356934,0.005,0.01,4,0.1,105
0.8332470380409953,0.055260894364785706,MAG_CN,MAG_RU,GNN,0,50.28337121009827,0.005,0.01,4,0.3,106
0.8360186397831451,0.05180090578365815,MAG_CN,MAG_RU,GNN,1,49.17516207695007,0.005,0.01,4,0.3,106
0.8329729235829806,0.05525351206054183,MAG_CN,MAG_RU,GNN,2,52.279937744140625,0.005,0.01,4,0.3,106
0.8423232723174855,0.05251784436172534,MAG_CN,MAG_RU,GNN,0,53.66105604171753,0.005,0.01,4,0.5,107
0.8425060152894953,0.05266792487457287,MAG_CN,MAG_RU,GNN,1,50.152260065078735,0.005,0.01,4,0.5,107
0.8413486431334328,0.05305680440050577,MAG_CN,MAG_RU,GNN,2,45.293397665023804,0.005,0.01,4,0.5,107
0.8080285079036336,0.0876134897868319,MAG_CN,MAG_RU,GNN,0,35.11014652252197,0.01,0.001,2,0.1,108
0.805074163189474,0.08874779638149496,MAG_CN,MAG_RU,GNN,1,39.801087379455566,0.01,0.001,2,0.1,108
0.8095818231657175,0.08559431724975079,MAG_CN,MAG_RU,GNN,2,39.947967767715454,0.01,0.001,2,0.1,108
0.8119574818018457,0.07933153616157552,MAG_CN,MAG_RU,GNN,0,40.40785837173462,0.01,0.001,2,0.3,109
0.8173788566381385,0.08066463411481482,MAG_CN,MAG_RU,GNN,1,38.72424101829529,0.01,0.001,2,0.3,109
0.8129016538238967,0.07891293380398472,MAG_CN,MAG_RU,GNN,2,46.03126263618469,0.01,0.001,2,0.3,109
0.8216124021563671,0.07298937941606105,MAG_CN,MAG_RU,GNN,0,32.70494246482849,0.01,0.001,2,0.5,110
0.8199372582462766,0.07099322828393265,MAG_CN,MAG_RU,GNN,1,36.755104541778564,0.01,0.001,2,0.5,110
0.8217342308043737,0.07089704672239001,MAG_CN,MAG_RU,GNN,2,39.969722747802734,0.01,0.001,2,0.5,110
0.8030030761733622,0.08028100478056784,MAG_CN,MAG_RU,GNN,0,46.9744176864624,0.01,0.001,3,0.1,111
0.803185819145372,0.07998595312008996,MAG_CN,MAG_RU,GNN,1,49.80803418159485,0.01,0.001,3,0.1,111
0.8125666250418786,0.07639702677896813,MAG_CN,MAG_RU,GNN,2,51.20756959915161,0.01,0.001,3,0.1,111
0.8093990801937075,0.07586423069252486,MAG_CN,MAG_RU,GNN,0,44.11961770057678,0.01,0.001,3,0.3,112
0.820333201352298,0.07137849993582727,MAG_CN,MAG_RU,GNN,1,45.263745069503784,0.01,0.001,3,0.3,112
0.8133585112539213,0.07418326933935468,MAG_CN,MAG_RU,GNN,2,45.24084544181824,0.01,0.001,3,0.3,112
0.8179575427161697,0.06621866290335812,MAG_CN,MAG_RU,GNN,0,54.03098201751709,0.01,0.001,3,0.5,113
0.8142113117899674,0.06842512304903718,MAG_CN,MAG_RU,GNN,1,48.418962240219116,0.01,0.001,3,0.5,113
0.8198458867602717,0.065848190051392,MAG_CN,MAG_RU,GNN,2,38.316070795059204,0.01,0.001,3,0.5,113
0.8009319891572503,0.08171130803457452,MAG_CN,MAG_RU,GNN,0,41.977442026138306,0.01,0.001,4,0.1,114
0.8058965065635184,0.07702764659628199,MAG_CN,MAG_RU,GNN,1,54.343395948410034,0.01,0.001,4,0.1,114
0.8085158224956599,0.07160204024561258,MAG_CN,MAG_RU,GNN,2,45.363574266433716,0.01,0.001,4,0.1,114
0.805591934943502,0.07837355118000233,MAG_CN,MAG_RU,GNN,0,43.93056845664978,0.01,0.001,4,0.3,115
0.8070538787195809,0.07678773373506519,MAG_CN,MAG_RU,GNN,1,48.698065996170044,0.01,0.001,4,0.3,115
0.8130843967959066,0.07200475476815438,MAG_CN,MAG_RU,GNN,2,46.362093687057495,0.01,0.001,4,0.3,115
0.8216733164803703,0.06332708743316802,MAG_CN,MAG_RU,GNN,0,39.388357400894165,0.01,0.001,4,0.5,116
0.8228916029604362,0.06052200018092922,MAG_CN,MAG_RU,GNN,1,32.37232851982117,0.01,0.001,4,0.5,116
0.8199068010842749,0.05790704951997967,MAG_CN,MAG_RU,GNN,2,50.252479553222656,0.01,0.001,4,0.5,116
0.8220997167483934,0.06738363730873323,MAG_CN,MAG_RU,GNN,0,44.416446685791016,0.01,0.005,2,0.1,117
0.8193585721682454,0.06754670635176693,MAG_CN,MAG_RU,GNN,1,33.49140691757202,0.01,0.005,2,0.1,117
0.8187494289282125,0.06585553230844446,MAG_CN,MAG_RU,GNN,2,42.17077374458313,0.01,0.005,2,0.1,117
0.8251454329485578,0.06313615004566746,MAG_CN,MAG_RU,GNN,0,29.33446455001831,0.01,0.005,2,0.3,118
0.8255109188925775,0.06315793189431533,MAG_CN,MAG_RU,GNN,1,47.27771282196045,0.01,0.005,2,0.3,118
0.8252063472725611,0.06396164607323349,MAG_CN,MAG_RU,GNN,2,41.85603475570679,0.01,0.005,2,0.3,118
0.8276733773946944,0.062143401098105365,MAG_CN,MAG_RU,GNN,0,43.01147484779358,0.01,0.005,2,0.5,119
0.8285870922547437,0.061518202785998774,MAG_CN,MAG_RU,GNN,1,34.48227882385254,0.01,0.005,2,0.5,119
0.8294398927907898,0.062142304018115845,MAG_CN,MAG_RU,GNN,2,46.776554346084595,0.01,0.005,2,0.5,119
0.8222520025584016,0.06625732111853842,MAG_CN,MAG_RU,GNN,0,35.271910190582275,0.01,0.005,3,0.1,120
0.8141808546279657,0.0684161690145167,MAG_CN,MAG_RU,GNN,1,42.12579107284546,0.01,0.005,3,0.1,120
0.817165656504127,0.06546168106532181,MAG_CN,MAG_RU,GNN,2,43.20642280578613,0.01,0.005,3,0.1,120
0.8243840038985167,0.06388893627087422,MAG_CN,MAG_RU,GNN,0,38.374449014663696,0.01,0.005,3,0.3,121
0.8190235433862273,0.06303033690247592,MAG_CN,MAG_RU,GNN,1,36.627113580703735,0.01,0.005,3,0.3,121
0.8253281759205677,0.06337467107798964,MAG_CN,MAG_RU,GNN,2,24.975730657577515,0.01,0.005,3,0.3,121
0.8266987482106417,0.05648284636158579,MAG_CN,MAG_RU,GNN,0,26.626922369003296,0.01,0.005,3,0.5,122
0.8273383486126763,0.05614570514351556,MAG_CN,MAG_RU,GNN,1,36.99773573875427,0.01,0.005,3,0.5,122
0.8311759510248835,0.05737603549527157,MAG_CN,MAG_RU,GNN,2,49.40512251853943,0.01,0.005,3,0.5,122
0.8247494898425365,0.06268824237134707,MAG_CN,MAG_RU,GNN,0,76.85282683372498,0.01,0.005,4,0.1,123
0.8213992020223556,0.06493140579386342,MAG_CN,MAG_RU,GNN,1,82.84134721755981,0.01,0.005,4,0.1,123
0.8167392562361039,0.06325680092435201,MAG_CN,MAG_RU,GNN,2,78.66951251029968,0.01,0.005,4,0.1,123
0.8303231504888374,0.055299544940962085,MAG_CN,MAG_RU,GNN,0,80.99912786483765,0.01,0.005,4,0.3,124
0.8315109798069016,0.06120255168766168,MAG_CN,MAG_RU,GNN,1,76.87987565994263,0.01,0.005,4,0.3,124
0.8249931471385497,0.05729212195025497,MAG_CN,MAG_RU,GNN,2,79.83729529380798,0.01,0.005,4,0.3,124
0.8376024122072305,0.05405197367329345,MAG_CN,MAG_RU,GNN,0,76.80446124076843,0.01,0.005,4,0.5,125
0.8327292662869674,0.05412806765783694,MAG_CN,MAG_RU,GNN,1,77.97762942314148,0.01,0.005,4,0.5,125
0.836536411537173,0.05424864595430971,MAG_CN,MAG_RU,GNN,2,80.84154725074768,0.01,0.005,4,0.5,125
0.8297444644108062,0.06198788866615257,MAG_CN,MAG_RU,GNN,0,78.81407928466797,0.01,0.01,2,0.1,126
0.8317850942649164,0.06050719228825725,MAG_CN,MAG_RU,GNN,1,79.84320998191833,0.01,0.01,2,0.1,126
0.8305363506228489,0.0612749297811422,MAG_CN,MAG_RU,GNN,2,82.2728488445282,0.01,0.01,2,0.1,126
0.8304754362988457,0.06071855305765915,MAG_CN,MAG_RU,GNN,0,78.81822490692139,0.01,0.01,2,0.3,127
0.8349221819510858,0.05963689382859878,MAG_CN,MAG_RU,GNN,1,82.72625589370728,0.01,0.01,2,0.3,127
0.8334297810130052,0.06038896489903793,MAG_CN,MAG_RU,GNN,2,79.37680745124817,0.01,0.01,2,0.3,127
0.8351049249230956,0.058941317587308306,MAG_CN,MAG_RU,GNN,0,81.01899027824402,0.01,0.01,2,0.5,128
0.8374196692352207,0.05622827652351,MAG_CN,MAG_RU,GNN,1,89.42111825942993,0.01,0.01,2,0.5,128
0.8376937836932354,0.05514833363919489,MAG_CN,MAG_RU,GNN,2,83.49882411956787,0.01,0.01,2,0.5,128
0.8311454938628818,0.06046122997107184,MAG_CN,MAG_RU,GNN,0,81.44080448150635,0.01,0.01,3,0.1,129
0.8318764657509213,0.05947846203817264,MAG_CN,MAG_RU,GNN,1,86.84969162940979,0.01,0.01,3,0.1,129
0.8324246946669509,0.05935258865938603,MAG_CN,MAG_RU,GNN,2,87.09009647369385,0.01,0.01,3,0.1,129
0.8325160661529558,0.05630168256513909,MAG_CN,MAG_RU,GNN,0,81.20845532417297,0.01,0.01,3,0.3,130
0.8333384095270002,0.05878455813168086,MAG_CN,MAG_RU,GNN,1,83.98444271087646,0.01,0.01,3,0.3,130
0.8338866384430299,0.05690984284110402,MAG_CN,MAG_RU,GNN,2,87.88105368614197,0.01,0.01,3,0.3,130
0.8388511558492979,0.05536830167950082,MAG_CN,MAG_RU,GNN,0,87.54711842536926,0.01,0.01,3,0.5,131
0.8369323546431944,0.05284811888222966,MAG_CN,MAG_RU,GNN,1,84.82997274398804,0.01,0.01,3,0.5,131
0.8353485822191088,0.053759489129413106,MAG_CN,MAG_RU,GNN,2,84.6650550365448,0.01,0.01,3,0.5,131
0.8279779490147108,0.05720669560034136,MAG_CN,MAG_RU,GNN,0,88.52576899528503,0.01,0.01,4,0.1,132
0.8327901806109707,0.048797848534742436,MAG_CN,MAG_RU,GNN,1,78.01521706581116,0.01,0.01,4,0.1,132
0.8294398927907898,0.056294007404726766,MAG_CN,MAG_RU,GNN,2,72.69113326072693,0.01,0.01,4,0.1,132
0.8329424664209789,0.056933762700685606,MAG_CN,MAG_RU,GNN,0,86.26608848571777,0.01,0.01,4,0.3,133
0.8376328693692322,0.048998259303372364,MAG_CN,MAG_RU,GNN,1,91.77017998695374,0.01,0.01,4,0.3,133
0.8303231504888374,0.05469664012590386,MAG_CN,MAG_RU,GNN,2,90.29885458946228,0.01,0.01,4,0.3,133
0.8459476745956812,0.048434061271640926,MAG_CN,MAG_RU,GNN,0,90.29867911338806,0.01,0.01,4,0.5,134
0.8398562421953523,0.04933550775519773,MAG_CN,MAG_RU,GNN,1,89.49012565612793,0.01,0.01,4,0.5,134
0.8436938446075595,0.048601551631468176,MAG_CN,MAG_RU,GNN,2,87.6868679523468,0.01,0.01,4,0.5,134
